cas,ticker,ak,atkc,atka,atkb,atkt0,atkt24,atoc
2026-09-27T09:06:31.243359+00:00,NVDA,225.07,224.97,225.00,224.99,9,67,226.22591143934142509347720092
2026-09-27T09:06:31.243359+00:00,AAPL,341.07,340.76,340.87,340.84,9,49,338.53865840427036475312199996
2026-09-27T09:06:31.243359+00:00,TSLA,372.11,372.99,373.10,373.02,17,94,372.50724451994038082569371127
2026-09-27T09:06:31.243359+00:00,GOOGL,343.92,344.02,344.21,344.19,18,78,341.37299174616225673866251303
2026-09-27T09:06:31.243359+00:00,MSTR,158.61,161.29,161.30,161.29,582,686,161.746468836213162115371043716992521618180328
2026-09-27T09:06:31.243359+00:00,HOOD,119.4,119.64,119.65,119.55,4,61,119.85767043631368504372737651
2026-09-27T09:06:31.243359+00:00,CRCL,89,89.80,89.93,89.86,140,195,90.07783697173596278596522549094099939194326
2026-09-27T09:06:31.243359+00:00,SPY,771.35,770.20,770.20,770.14,35,86,774.11543672007161267550270484
2026-09-27T09:06:31.243359+00:00,QQQ,744.5,746.01,746.13,746.08,25,67,749.42370745160224322682290499638630797713662
2026-09-27T09:06:31.243359+00:00,GLD,393.41,392.79,392.73,392.42,1,2,393.26577604073326495039379462016931378349625
2026-09-27T14:58:38.724697+00:00,NVDA,225.07,224.85,224.85,224.80,36,59,224.30475251022178524395802025249941021355404
2026-09-27T14:58:38.724697+00:00,AAPL,341.07,339.96,339.78,339.77,24,47,343.98794209030539750973856817
2026-09-27T14:58:38.724697+00:00,TSLA,372.11,372.54,372.55,372.50,206,272,373.20594543818762574752315343171667322095104
2026-09-27T14:58:38.724697+00:00,GOOGL,343.92,343.67,343.36,343.34,47,99,343.56694347061275177765839733
2026-09-27T14:58:38.724697+00:00,MSTR,158.61,161.67,161.39,161.38,836,914,161.745611568974343983170421451138185199985779
2026-09-27T14:58:38.724697+00:00,HOOD,119.4,119.50,119.30,119.24,26,30,118.568899938051364877949134316871449313274323
2026-09-27T14:58:38.724697+00:00,CRCL,89,89.24,89.26,89.24,397,424,88.931838884964419160252705971265390375980057
2026-09-27T14:58:38.724697+00:00,SPY,771.35,769.64,769.89,769.64,93,118,772.984278598277212508310161083824066390699
2026-09-27T14:58:38.724697+00:00,QQQ,744.5,744.40,744.30,744.17,37,68,748.23538920061134737773305079425574801731787
2026-09-27T14:58:38.724697+00:00,GLD,393.41,392.37,392.42,392.09,3,4,390.36099781183600069041963435420219530697184
2026-09-27T18:57:06.299578+00:00,NVDA,225.07,225.34,225.36,225.34,53,61,225.57047932562986586273701683772806155009354
2026-09-27T18:57:06.299578+00:00,AAPL,341.07,340.34,340.38,340.33,40,55,341.27212352417197303448656795494207561012105
2026-09-27T18:57:06.299578+00:00,TSLA,372.11,373.24,373.46,373.41,318,353,372.8312432865629736736122712395323671757836
2026-09-27T18:57:06.299578+00:00,GOOGL,343.92,343.55,344.12,344.06,58,69,343.57224280615662351613680467067462968903952
2026-09-27T18:57:06.299578+00:00,MSTR,158.61,161.55,161.97,161.77,1045,1076,161.891355110165170305997564071366944932835312
2026-09-27T18:57:06.299578+00:00,HOOD,119.4,119.45,119.54,119.48,34,37,119.419803152775726716240011229168053486990389
2026-09-27T18:57:06.299578+00:00,CRCL,89,89.15,89.48,89.46,440,460,89.304428202125023059002084475055835561944201
2026-09-27T18:57:06.299578+00:00,SPY,771.35,770.89,770.89,770.49,109,120,776.99912405740302098245196602545324585862028
2026-09-27T18:57:06.299578+00:00,QQQ,744.5,745.38,745.68,745.67,46,63,749.6280887562956558651878779
2026-09-27T18:57:06.299578+00:00,GLD,393.41,392.52,392.52,392.14,5,6,392.10358461520937344504324248962392617388576
2026-09-27T23:47:50.267032+00:00,NVDA,225.07,224.32,224.49,224.41,68,68,225.6416860714367635561160934753568689922512
2026-09-27T23:47:50.267032+00:00,AAPL,341.07,339.32,339.74,339.61,47,47,340.04223350669393537562728924680545611099992
2026-09-27T23:47:50.267032+00:00,TSLA,372.11,372.65,372.89,372.70,391,391,372.88773783438858662290178685
2026-09-27T23:47:50.267032+00:00,GOOGL,343.92,343.55,343.29,343.16,70,70,340.68500306536946186129104737993369137712232
2026-09-27T23:47:50.267032+00:00,MSTR,158.61,160.89,160.99,160.89,1477,1477,160.639093970979875026540838643413716511109868
2026-09-27T23:47:50.267032+00:00,HOOD,119.4,118.55,118.87,118.78,96,96,119.93932853502969786701379061218102431963215
2026-09-27T23:47:50.267032+00:00,CRCL,89,88.76,88.88,88.81,608,608,88.759139310858930186669234486466746202953832
2026-09-27T23:47:50.267032+00:00,SPY,771.35,768.99,769.56,768.99,126,126,770.99654461499710495312914022907023521593166
2026-09-27T23:47:50.267032+00:00,QQQ,744.5,742.86,743.32,743.18,60,60,742.68629966014119281401743709373730898599679
2026-09-27T23:47:50.267032+00:00,GLD,393.41,392.52,390.85,390.47,5,5,390.73434132445885160883879920109180006484662
2026-09-28T05:22:33.283138+00:00,NVDA,225.07,224.09,224.04,223.98,23,87,224.62065061036802305184542853925824898586275
2026-09-28T05:22:33.283138+00:00,AAPL,341.07,340.11,340.17,340.11,10,50,342.44163514014993261005047827561768945878314
2026-09-28T05:22:33.283138+00:00,TSLA,372.11,369.93,370.11,370.03,217,604,369.40865637746006522968233479083749015282216
2026-09-28T05:22:33.283138+00:00,GOOGL,343.92,342.12,341.73,341.70,72,139,346.58849951722483237018989322078367684449748
2026-09-28T05:22:33.283138+00:00,MSTR,158.61,155.66,155.83,155.66,227,1438,156.42436399328895311135910586506613002008022
2026-09-28T05:22:33.283138+00:00,HOOD,119.4,116.83,116.43,116.40,141,237,117.97580693502751025787313948078690456923
2026-09-28T05:22:33.283138+00:00,CRCL,89,86.41,86.46,86.30,364,837,86.868843242365691925525600713
2026-09-28T05:22:33.283138+00:00,SPY,771.35,768.40,768.39,768.34,70,189,773.8717556342911756405554370370732924637
2026-09-28T05:22:33.283138+00:00,QQQ,744.5,739.52,739.08,739.06,24,71,744.76097350877902696057732278868708377976374
2026-09-28T05:22:33.283138+00:00,GLD,393.41,383.87,384.25,383.92,68,72,385.13915842301240262878495071454036611035
2026-09-28T13:53:00.178725+00:00,NVDA,231.82,231.68,231.09,231.01,676,711,231.8626900614554428603526658
2026-09-28T13:53:00.178725+00:00,AAPL,342.47,342.27,342.48,342.46,82,105,340.55399290466509866920919283161168211871248
2026-09-28T13:53:00.178725+00:00,TSLA,361.93,361.13,362.75,362.59,347,711,361.33376811661391651902045389881871664702203
2026-09-28T13:53:00.178725+00:00,GOOGL,342.79,342.55,342.62,342.54,166,190,340.89986280482825409301276329740890432143168
2026-09-28T13:53:00.178725+00:00,MSTR,158.63,158.80,159.38,159.02,595,1252,159.02649983481625205447055552648437296871604
2026-09-28T13:53:00.178725+00:00,HOOD,118.9,119.33,119.03,118.97,233,303,119.891101265364573823820422071953566375523752
2026-09-28T13:53:00.178725+00:00,CRCL,86.41,86.60,86.73,86.62,680,1049,86.624348759086884129402116090012848871165988
2026-09-28T13:53:00.178725+00:00,SPY,768.3,768.21,768.30,767.97,159,205,772.24972885050734204042984525
2026-09-28T13:53:00.178725+00:00,QQQ,738.7,737.99,738.85,738.82,126,150,742.53511952182531760097298775312927408070062
2026-09-28T13:53:00.178725+00:00,GLD,381.2,379.87,381.45,381.20,112,114,379.58318159629011040669752575896629660766338
2026-09-28T23:16:35.922423+00:00,NVDA,228.86,229.22,229.24,229.19,821,821,228.69206266595422768832641484705571133387584
2026-09-28T23:16:35.922423+00:00,AAPL,338.4,338.59,338.58,338.44,143,144,343.55473232669499464485971908799974516208108
2026-09-28T23:16:35.922423+00:00,TSLA,357.45,358.31,358.49,358.33,468,468,357.8411420439800938075966173
2026-09-28T23:16:35.922423+00:00,GOOGL,342.75,342.40,342.40,342.28,222,223,347.30567272173309287820134383160376334695235
2026-09-28T23:16:35.922423+00:00,MSTR,157.14,157.15,157.27,157.14,959,1103,157.0915334468040352964429788466209696346707
2026-09-28T23:16:35.922423+00:00,HOOD,116.46,116.08,116.13,116.11,277,311,115.213073824128015446563709048087539907570688
2026-09-28T23:16:35.922423+00:00,CRCL,85.8,85.79,85.88,85.82,830,832,85.49095241765886985557553845
2026-09-28T23:16:35.922423+00:00,SPY,765.61,765.92,766.00,765.18,293,293,765.33446687230727472425830972
2026-09-28T23:16:35.922423+00:00,QQQ,736.53,737.44,737.49,737.27,231,234,741.57243835313807165771285337559730405297776
2026-09-28T23:16:35.922423+00:00,GLD,377.91,377.97,378.42,377.94,155,155,376.37792248126021508126361258530954860810836
2026-09-29T00:19:10.856146+00:00,NVDA,228.86,229.19,229.02,228.99,3,823,228.92350685079660429629576395502195370440112
2026-09-29T00:19:10.856146+00:00,AAPL,338.4,338.59,338.18,338.17,143,142,339.35959672060906716152022493495880092558987
2026-09-29T00:19:10.856146+00:00,TSLA,357.45,358.22,357.98,357.95,469,467,357.28966651204324362263208602819702989610296
2026-09-29T00:19:10.856146+00:00,GOOGL,342.75,342.29,342.23,342.22,224,223,348.17100945256186910266801006
2026-09-29T00:19:10.856146+00:00,MSTR,157.14,157.47,157.21,157.09,3,909,157.03267865525789796908621445218935491972528
2026-09-29T00:19:10.856146+00:00,HOOD,116.46,116.08,115.92,115.91,277,267,115.553850216050377516731337728
2026-09-29T00:19:10.856146+00:00,CRCL,85.8,85.79,85.69,85.63,830,822,85.473188701732154355630362561597945115709155
2026-09-29T00:19:10.856146+00:00,SPY,765.61,765.92,765.19,765.00,293,289,771.2940862882385760336487489097394661800579
2026-09-29T00:19:10.856146+00:00,QQQ,736.53,736.37,736.16,736.05,4,238,737.62384403625549498174544875057847710995172
2026-09-29T00:19:10.856146+00:00,GLD,377.91,377.48,377.88,377.52,1,155,376.52152275365519060425586722020868922349934
2026-09-29T01:21:45.539941+00:00,NVDA,228.86,228.10,228.21,228.20,23,838,229.02502663746193550641413895127246486488604
2026-09-29T01:21:45.539941+00:00,AAPL,338.4,337.87,337.80,337.76,2,144,340.52781534613200457660727649
2026-09-29T01:21:45.539941+00:00,TSLA,357.45,356.78,356.89,356.85,3,262,357.55962680212801861585413041382664769311905
2026-09-29T01:21:45.539941+00:00,GOOGL,342.75,342.29,342.00,341.98,224,165,344.09869035309602363988814515596159250771268
2026-09-29T01:21:45.539941+00:00,MSTR,157.14,155.03,155.67,155.51,33,796,155.6245308369773658473247498763557878802996
2026-09-29T01:21:45.539941+00:00,HOOD,116.46,115.10,115.27,115.26,3,194,113.786261773691104361039014281864296862611712
2026-09-29T01:21:45.539941+00:00,CRCL,85.8,85.15,85.26,85.17,35,615,85.31716847999782041711642681475867932462954
2026-09-29T01:21:45.539941+00:00,SPY,765.61,763.81,764.42,763.81,6,286,772.1129877983021926670991945
2026-09-29T01:21:45.539941+00:00,QQQ,736.53,734.31,734.49,734.37,13,246,737.97405700151735004382709625
2026-09-29T01:21:45.539941+00:00,GLD,377.91,377.48,378.69,378.32,1,99,376.76125676934543970937804434421763676899501
2026-09-29T02:24:22.389366+00:00,NVDA,228.86,228.76,229.00,228.97,27,839,229.7104875060162262071084456726629887878924
2026-09-29T02:24:22.389366+00:00,AAPL,338.4,337.76,338.14,338.08,3,145,340.29432846741006470069741376
2026-09-29T02:24:22.389366+00:00,TSLA,357.45,357.01,357.48,357.45,4,259,358.63939687053011586415375396487305759711888
2026-09-29T02:24:22.389366+00:00,GOOGL,342.75,342.07,342.37,342.34,1,158,344.2960257865900392104691151325596868999324
2026-09-29T02:24:22.389366+00:00,MSTR,157.14,155.05,155.38,155.19,34,787,155.90286405944606392349737021443723247923636
2026-09-29T02:24:22.389366+00:00,HOOD,116.46,115.47,115.56,115.55,5,191,113.791264190648845739751954508947372469387008
2026-09-29T02:24:22.389366+00:00,CRCL,85.8,85.26,85.17,85.16,147,631,85.476963820767441961278155049987351016268085
2026-09-29T02:24:22.389366+00:00,SPY,765.61,764.61,764.62,763.81,10,247,770.69524001478959732894574868763098257725424
2026-09-29T02:24:22.389366+00:00,QQQ,736.53,734.31,735.66,735.60,13,241,740.10904407269757484355434919036387726386749
2026-09-29T02:24:22.389366+00:00,GLD,377.91,377.48,379.01,378.64,1,95,379.8919316743859872311441563247714425068245
2026-09-29T03:26:56.383077+00:00,NVDA,228.86,228.10,228.53,228.48,28,839,228.46600051966122076315462763064997338519078
2026-09-29T03:26:56.383077+00:00,AAPL,338.4,337.68,337.68,337.64,6,147,341.92297679830907505967038072623290790267712
2026-09-29T03:26:56.383077+00:00,TSLA,357.45,357.07,357.10,357.06,6,260,356.41016360387956827406620074125369161738936
2026-09-29T03:26:56.383077+00:00,GOOGL,342.75,341.87,341.92,341.86,3,158,345.5808423465636292932008893608348043218061
2026-09-29T03:26:56.383077+00:00,MSTR,157.14,155.06,156.33,156.10,36,782,155.81077047130762732988124077826491319375
2026-09-29T03:26:56.383077+00:00,HOOD,116.46,115.51,115.58,115.57,8,178,115.902890903528359078737470408507019941079318
2026-09-29T03:26:56.383077+00:00,CRCL,85.8,85.15,85.34,85.31,150,629,85.119588542516237778066787222622695197897804
2026-09-29T03:26:56.383077+00:00,SPY,765.61,764.53,764.41,763.82,11,240,767.13584527915486711259674829190650273898768
2026-09-29T03:26:56.383077+00:00,QQQ,736.53,734.31,734.45,734.39,13,240,736.07639567934467001378857534128867489222144
2026-09-29T03:26:56.383077+00:00,GLD,377.91,377.48,379.58,379.23,1,95,379.47656087358857585231584204230484361536272
2026-09-29T05:44:12.010371+00:00,NVDA,228.86,228.36,228.22,228.21,42,834,229.06308499606157119508417718883031525406284
2026-09-29T05:44:12.010371+00:00,AAPL,338.4,337.04,337.37,337.34,10,141,336.29822263367587464861376537810543219969231
2026-09-29T05:44:12.010371+00:00,TSLA,357.45,356.43,355.84,355.77,12,264,355.21806272901040420428502927406422928791536
2026-09-29T05:44:12.010371+00:00,GOOGL,342.75,341.61,341.16,341.09,6,151,346.66151551330046736265338239901432762238585
2026-09-29T05:44:12.010371+00:00,MSTR,157.14,157.02,156.69,156.42,50,755,156.53544277806979757479623441809894763250304
2026-09-29T05:44:12.010371+00:00,HOOD,116.46,115.19,115.54,115.52,13,145,117.05472346264179472577881764
2026-09-29T05:44:12.010371+00:00,CRCL,85.8,85.34,85.36,85.27,158,608,85.03236241814697515012029325428741317581324
2026-09-29T05:44:12.010371+00:00,SPY,765.61,763.74,763.42,763.10,21,244,765.08856968782617279807191606485980226652064
2026-09-29T05:44:12.010371+00:00,QQQ,736.53,733.01,732.91,732.87,23,238,734.60269599339536277789308011122173929477065
2026-09-29T05:44:12.010371+00:00,GLD,377.91,378.60,379.17,378.82,6,93,376.9080584999862007858530912
2026-09-29T06:46:47.470364+00:00,NVDA,228.86,229.48,229.54,229.50,55,841,228.5867042702659282740793128689289168039954
2026-09-29T06:46:47.470364+00:00,AAPL,338.4,337.39,337.62,337.57,12,139,338.30814085636179361202218869201569150391423
2026-09-29T06:46:47.470364+00:00,TSLA,357.45,356.00,357.78,357.73,13,259,355.92660069210794935924358427434451055667054
2026-09-29T06:46:47.470364+00:00,GOOGL,342.75,342.38,342.59,342.58,11,152,341.67853476316535281910519582207193438646926
2026-09-29T06:46:47.470364+00:00,MSTR,157.14,159.03,159.03,158.89,262,895,158.41126279274276097042474748137306482305334
2026-09-29T06:46:47.470364+00:00,HOOD,116.46,116.77,116.85,116.82,16,145,117.05472346264179472577881764
2026-09-29T06:46:47.470364+00:00,CRCL,85.8,86.42,86.36,86.32,167,578,86.374375447286930555961498224811249146910468
2026-09-29T06:46:47.470364+00:00,SPY,765.61,764.92,765.61,764.96,33,234,766.46571377431893178855982539656676375578075
2026-09-29T06:46:47.470364+00:00,QQQ,736.53,736.50,736.47,736.41,28,240,740.50430194301464503153237091572487949429888
2026-09-29T06:46:47.470364+00:00,GLD,377.91,380.01,379.81,379.49,8,88,378.6887015778967939940272695797301946578906
2026-09-29T07:49:23.296490+00:00,NVDA,228.86,230.25,230.14,230.13,93,868,230.926169818209225813387125974423352377549
2026-09-29T07:49:23.296490+00:00,AAPL,338.4,337.39,337.40,337.35,15,133,337.43999262475111082708355069096361323592042
2026-09-29T07:49:23.296490+00:00,TSLA,357.45,358.76,358.59,358.53,17,247,358.2277661671605098550436841259773278992666
2026-09-29T07:49:23.296490+00:00,GOOGL,342.75,342.50,342.50,342.49,21,142,342.51542092156202319076555796452485121015998
2026-09-29T07:49:23.296490+00:00,MSTR,157.14,159.56,159.71,159.51,268,869,159.2162348914504880196767512745332421515376
2026-09-29T07:49:23.296490+00:00,HOOD,116.46,117.15,117.17,117.14,28,147,116.327130136799082731729523152955355165709317
2026-09-29T07:49:23.296490+00:00,CRCL,85.8,86.78,86.74,86.69,169,482,86.453093564280018103630668889026012676535844
2026-09-29T07:49:23.296490+00:00,SPY,765.61,766.02,765.73,765.42,36,222,767.85136914304037764129337931807370934610624
2026-09-29T07:49:23.296490+00:00,QQQ,736.53,737.57,737.45,737.32,35,234,740.62565876410242704934681837273500909484264
2026-09-29T07:49:23.296490+00:00,GLD,377.91,379.83,379.88,379.50,10,87,379.23153659730826854737611922290384668217728
2026-09-29T08:51:58.813756+00:00,NVDA,228.86,230.56,230.56,230.53,186,944,231.55354788042490277204382268912917367387077
2026-09-29T08:51:58.813756+00:00,AAPL,338.4,337.21,337.02,336.94,21,128,336.67348230054391619447928255734846877892222
2026-09-29T08:51:58.813756+00:00,TSLA,357.45,358.76,358.33,358.27,26,249,359.47367259517241893858215892880351825786592
2026-09-29T08:51:58.813756+00:00,GOOGL,342.75,342.31,342.35,342.26,35,147,340.5984905493973864153602601490250919471482
2026-09-29T08:51:58.813756+00:00,MSTR,157.14,159.58,159.03,158.82,272,862,159.9774628668602064143115918371216577619506
2026-09-29T08:51:58.813756+00:00,HOOD,116.46,117.67,117.63,117.62,44,140,116.357135424219505146712168193617915679639557
2026-09-29T08:51:58.813756+00:00,CRCL,85.8,86.42,86.41,86.37,216,516,86.343522820685616404212904241243605282320548
2026-09-29T08:51:58.813756+00:00,SPY,765.61,765.87,765.50,765.39,44,225,767.81811059978839933110323822747072924009273
2026-09-29T08:51:58.813756+00:00,QQQ,736.53,737.83,737.44,737.31,43,196,741.44076807225784513455098672456364162351398
2026-09-29T08:51:58.813756+00:00,GLD,377.91,379.79,379.76,379.40,13,88,380.31313806452176194950207164735613165151257
2026-09-29T09:54:34.186299+00:00,NVDA,228.86,230.33,230.57,230.54,194,623,230.35121738473950432724106452778177326598452
2026-09-29T09:54:34.186299+00:00,AAPL,338.4,336.80,337.11,337.05,28,134,337.50916353578874792042303210258403173074808
2026-09-29T09:54:34.186299+00:00,TSLA,357.45,357.99,358.17,358.11,28,246,356.70833173183860671451349
2026-09-29T09:54:34.186299+00:00,GOOGL,342.75,342.02,342.23,342.15,49,158,341.92930061262680118406696916457329082154224
2026-09-29T09:54:34.186299+00:00,MSTR,157.14,159.00,160.60,160.36,273,751,159.52627717207968102817382616855249448775758
2026-09-29T09:54:34.186299+00:00,HOOD,116.46,118.17,118.18,118.05,54,140,116.56671640926583010102791206595059926651539
2026-09-29T09:54:34.186299+00:00,CRCL,85.8,86.78,86.96,86.94,221,473,86.483216641653758375863675451252970017927325
2026-09-29T09:54:34.186299+00:00,SPY,765.61,765.39,765.40,765.39,47,213,767.40799071372229183052983051002864590923755
2026-09-29T09:54:34.186299+00:00,QQQ,736.53,737.08,737.02,736.93,46,186,737.8315585509868945035476754202748794581358
2026-09-29T09:54:34.186299+00:00,GLD,377.91,379.75,380.14,379.78,16,82,380.30270051550696506934497865
2026-09-29T12:53:04.727385+00:00,NVDA,228.86,230.27,230.30,230.29,222,422,230.44652658814929106349424334391327114570935
2026-09-29T12:53:04.727385+00:00,AAPL,338.4,336.89,336.94,336.92,43,110,338.72129115381469258135998015622063651434375
2026-09-29T12:53:04.727385+00:00,TSLA,357.45,358.98,359.13,359.09,39,202,358.44899807564125926676654698691223944568243
2026-09-29T12:53:04.727385+00:00,GOOGL,342.75,343.09,342.74,342.70,82,168,342.83602104985387832118699280997140453260662
2026-09-29T12:53:04.727385+00:00,MSTR,157.14,160.84,161.09,160.89,280,675,160.96627851081769437297994591679465237147772
2026-09-29T12:53:04.727385+00:00,HOOD,116.46,119.09,118.63,118.60,65,121,117.530961440210382024267997341728094752272155
2026-09-29T12:53:04.727385+00:00,CRCL,85.8,87.50,87.50,87.44,240,460,87.217941151202721261006170579108025970045238
2026-09-29T12:53:04.727385+00:00,SPY,765.61,766.68,766.56,766.30,61,203,772.17366580055212746982811490517438388082355
2026-09-29T12:53:04.727385+00:00,QQQ,736.53,739.20,738.38,738.37,57,178,739.278384174758592519571745266694758407722
2026-09-29T12:53:04.727385+00:00,GLD,377.91,380.90,380.84,380.53,24,69,380.58497251804849884911479779189296350708632
2026-09-29T13:55:39.516522+00:00,NVDA,230.43,230.08,230.28,230.25,261,408,230.46767716419486174997890918599942110765744
2026-09-29T13:55:39.516522+00:00,AAPL,333.43,332.42,333.13,333.10,65,126,333.55365161486768860927720789030587446938809
2026-09-29T13:55:39.516522+00:00,TSLA,352.72,353.01,353.14,352.98,80,202,352.42173018260309831190922416121921575876146
2026-09-29T13:55:39.516522+00:00,GOOGL,340.37,340.79,340.29,340.23,101,159,340.94974773024006597653560716793779640524767
2026-09-29T13:55:39.516522+00:00,MSTR,158.03,158.11,158.38,158.10,320,684,157.76973004655859459477451016897063153725032
2026-09-29T13:55:39.516522+00:00,HOOD,118.09,117.95,117.74,117.70,81,123,117.894830223352356332645011481155340528223412
2026-09-29T13:55:39.516522+00:00,CRCL,86.24,85.95,85.98,85.94,293,440,86.277101534843090918802587609
2026-09-29T13:55:39.516522+00:00,SPY,765.67,765.39,765.40,765.29,80,213,765.894496396066465150635171
2026-09-29T13:55:39.516522+00:00,QQQ,738.67,737.45,738.30,738.28,58,172,741.20561465236732418472693854
2026-09-29T13:55:39.516522+00:00,GLD,381.43,380.90,381.50,381.23,24,67,381.28147979778123159970331414
2026-09-29T14:58:14.536886+00:00,NVDA,231.35,231.25,231.30,231.29,273,387,232.72252472927674859411988864
2026-09-29T14:58:14.536886+00:00,AAPL,332.76,332.72,332.69,332.65,76,129,332.53738497228440231793596176916528802038029
2026-09-29T14:58:14.536886+00:00,TSLA,354.8,354.77,354.41,354.35,89,178,353.8457343245559016086430376730441103689843
2026-09-29T14:58:14.536886+00:00,GOOGL,339.4,339.63,339.21,339.17,115,141,338.91148677958062574208578014
2026-09-29T14:58:14.536886+00:00,MSTR,155.18,155.00,155.23,154.86,454,805,154.6568483371802474203080036
2026-09-29T14:58:14.536886+00:00,HOOD,116.91,116.69,116.85,116.82,92,128,117.04637846704952703774377422
2026-09-29T14:58:14.536886+00:00,CRCL,85.73,85.73,85.71,85.67,343,452,85.530966156581524510419484178
2026-09-29T14:58:14.536886+00:00,SPY,765.1,765.37,764.90,764.56,105,174,769.25757508748421735607329249
2026-09-29T14:58:14.536886+00:00,QQQ,739.39,739.35,738.99,738.90,63,157,737.36815416025999690036577799
2026-09-29T14:58:14.536886+00:00,GLD,382.39,382.20,382.34,382.03,31,71,382.41180839917199840241677278975674495395868
2026-09-29T16:00:49.950041+00:00,NVDA,230.46,230.76,230.30,230.29,299,395,231.74913664199878967252095278
2026-09-29T16:00:49.950041+00:00,AAPL,331.38,331.21,331.19,331.18,85,131,331.794914236152986423860704
2026-09-29T16:00:49.950041+00:00,TSLA,354.3,354.21,354.39,354.35,98,176,354.9750184808223301256554572914594422013005
2026-09-29T16:00:49.950041+00:00,GOOGL,338.37,339.27,338.41,338.38,130,150,333.5565419130341114029107320941108270105976
2026-09-29T16:00:49.950041+00:00,MSTR,152.99,153.03,153.20,153.16,496,842,153.3161236191420894738749322535249907344128
2026-09-29T16:00:49.950041+00:00,HOOD,115.33,115.60,115.37,115.35,129,158,114.015369897355888941885909882537219509279656
2026-09-29T16:00:49.950041+00:00,CRCL,84.77,84.75,84.83,84.79,365,465,84.968765780419041043944654098012246140364624
2026-09-29T16:00:49.950041+00:00,SPY,763.09,763.00,763.00,762.98,134,196,768.9632377561556999930575380993403942322529
2026-09-29T16:00:49.950041+00:00,QQQ,737.04,737.64,736.83,736.79,68,148,741.08527400268609509969268255435181266449187
2026-09-29T16:00:49.950041+00:00,GLD,381.01,381.00,381.14,380.81,34,68,381.75141846333131761608017659920367335781541
2026-09-29T17:03:30.965569+00:00,NVDA,229.3,229.32,229.25,229.24,311,378,229.24708782624452766944793461208925179260064
2026-09-29T17:03:30.965569+00:00,AAPL,330.95,331.04,330.98,330.94,95,130,331.70681808026363483945241036853414317456426
2026-09-29T17:03:30.965569+00:00,TSLA,352.11,351.98,352.34,352.31,120,158,351.70647055083883216777447172542888000961844
2026-09-29T17:03:30.965569+00:00,GOOGL,339.51,339.37,339.63,339.58,144,158,341.94484070690551998948813544
2026-09-29T17:03:30.965569+00:00,MSTR,153.88,153.10,153.94,153.89,551,874,153.8308330161239157215627582991492498660544
2026-09-29T17:03:30.965569+00:00,HOOD,115.72,115.46,115.70,115.69,135,155,116.33754156544251495921772350195670602742576
2026-09-29T17:03:30.965569+00:00,CRCL,84.38,84.23,84.37,84.34,377,452,84.21110330864986097045042544084093481932192
2026-09-29T17:03:30.965569+00:00,SPY,762.74,763.00,763.00,762.98,146,191,765.4568370730649435951960449703675813583128
2026-09-29T17:03:30.965569+00:00,QQQ,736,735.83,736.07,735.99,75,131,742.25219435411059474298055427
2026-09-29T17:03:30.965569+00:00,GLD,380.23,380.71,380.33,380.03,35,55,381.1063751525285133543038412312073424830688
2026-09-29T19:59:24.034241+00:00,NVDA,227.39,227.23,227.16,227.15,399,414,228.83593602583186708089994212636800480018495
2026-09-29T19:59:24.034241+00:00,AAPL,329.32,329.18,329.50,329.48,176,181,330.6985695632681035930700433546352910792781
2026-09-29T19:59:24.034241+00:00,TSLA,352.9,352.62,352.91,352.86,145,153,354.1025748569193153499193021086109142016644
2026-09-29T19:59:24.034241+00:00,GOOGL,340.98,341.32,340.95,340.93,184,190,344.37452105151805070204091122019591550493285
2026-09-29T19:59:24.034241+00:00,MSTR,154.76,153.99,154.64,154.58,620,734,154.92420547442770252805528714910064899309675
2026-09-29T19:59:24.034241+00:00,HOOD,116.22,116.17,116.25,116.21,170,178,115.16345081701088955344760699086816159929503
2026-09-29T19:59:24.034241+00:00,CRCL,83.72,83.70,83.79,83.78,442,472,84.200597944891632467114690322
2026-09-29T19:59:24.034241+00:00,SPY,764.3,764.15,764.92,764.74,175,184,771.53147498682184116431570486981817728744454
2026-09-29T19:59:24.034241+00:00,QQQ,737.93,737.89,738.55,738.46,84,107,736.57074098905330191280524957
2026-09-29T19:59:24.034241+00:00,GLD,382.9,382.22,382.76,382.43,40,46,384.53671827935324248999582512
2026-09-29T21:01:59.506050+00:00,NVDA,227.21,227.78,227.81,227.80,408,421,227.8617795483638176229352462174222670601002
2026-09-29T21:01:59.506050+00:00,AAPL,329.4,329.73,329.73,329.71,185,189,330.655527090704176297936524109541057821104
2026-09-29T21:01:59.506050+00:00,TSLA,352.84,353.73,353.71,353.70,150,156,353.17687365882034822644230663391806573468055
2026-09-29T21:01:59.506050+00:00,GOOGL,340.92,341.15,341.21,341.19,188,192,345.07639850133593174900995848747700964394564
2026-09-29T21:01:59.506050+00:00,MSTR,154.67,155.43,155.43,155.41,656,762,155.0793036093117789918082698228969553657833
2026-09-29T21:01:59.506050+00:00,HOOD,116.22,116.23,116.23,116.19,175,180,115.064930414437411579442200493865908016515604
2026-09-29T21:01:59.506050+00:00,CRCL,83.7,83.96,83.93,83.89,453,458,83.93158021072575754641248640114648292774485
2026-09-29T21:01:59.506050+00:00,SPY,764.2,765.03,765.01,764.77,182,188,772.89710486268472752160198227989189140928148
2026-09-29T21:01:59.506050+00:00,QQQ,737.93,738.25,738.85,738.75,88,107,736.77861084621909366643519304
2026-09-29T21:01:59.506050+00:00,GLD,382.89,383.26,383.44,383.12,43,46,381.5614018706977564617019698127861363139236
2026-09-29T22:04:33.772760+00:00,NVDA,227.21,227.82,228.05,228.03,416,423,227.67902427422767465795625280378625139424972
2026-09-29T22:04:33.772760+00:00,AAPL,329.4,330.08,330.16,330.15,189,191,329.73805747434343350831485936932686405028485
2026-09-29T22:04:33.772760+00:00,TSLA,352.84,354.01,354.23,354.21,153,156,352.37849334725697460344302378077094936595
2026-09-29T22:04:33.772760+00:00,GOOGL,340.92,341.27,341.41,341.39,193,197,343.95960570579345924913729925
2026-09-29T22:04:33.772760+00:00,MSTR,154.67,155.27,155.46,155.44,689,690,154.27815965861284910673730976
2026-09-29T22:04:33.772760+00:00,HOOD,116.22,116.23,116.43,116.41,175,176,117.362786549112286691182273969029524032327052
2026-09-29T22:04:33.772760+00:00,CRCL,83.7,83.96,84.05,84.03,455,457,83.9366495167828586373211618449
2026-09-29T22:04:33.772760+00:00,SPY,764.2,764.89,765.66,765.42,185,187,768.18587455337666541273059680548298732363302
2026-09-29T22:04:33.772760+00:00,QQQ,737.93,738.92,739.71,739.68,89,105,740.37247186508930743399720551238427421052194
2026-09-29T22:04:33.772760+00:00,GLD,382.89,383.06,383.41,383.10,44,44,383.94078168709632280877000953123123395199435
2026-09-29T23:07:11.747296+00:00,NVDA,227.21,228.08,228.13,228.04,432,435,227.40271709900786692217273457
2026-09-29T23:07:11.747296+00:00,AAPL,329.4,330.08,330.12,330.11,189,189,330.34593289947815696490718814040344694689625
2026-09-29T23:07:11.747296+00:00,TSLA,352.84,354.15,354.15,354.08,155,156,355.65960658458498155708038775
2026-09-29T23:07:11.747296+00:00,GOOGL,340.92,341.45,341.29,341.21,196,198,338.48294726583059200582386248229452838348876
2026-09-29T23:07:11.747296+00:00,MSTR,154.67,155.79,156.03,155.98,696,696,155.777902150589409187364672
2026-09-29T23:07:11.747296+00:00,HOOD,116.22,117.19,117.11,117.08,186,186,115.76281269262759415196834238426003278928553
2026-09-29T23:07:11.747296+00:00,CRCL,83.7,84.34,84.32,84.27,462,462,84.43796323165428094361884886953979613521868
2026-09-29T23:07:11.747296+00:00,SPY,764.2,765.39,765.32,765.15,193,193,767.86140277904547109873304667732334093382067
2026-09-29T23:07:11.747296+00:00,QQQ,737.93,739.65,739.42,739.22,91,100,742.10846666015162804663032224
2026-09-29T23:07:11.747296+00:00,GLD,382.89,383.06,383.40,382.91,44,44,383.29028192857203761487337776
2026-09-30T00:09:46.444397+00:00,NVDA,227.21,228.41,228.42,228.36,1,436,228.33650902813975957728448555888206278187429
2026-09-30T00:09:46.444397+00:00,AAPL,329.4,330.19,330.50,330.25,191,191,329.86732237641743925414145431146047899077155
2026-09-30T00:09:46.444397+00:00,TSLA,352.84,354.25,354.68,354.33,161,161,354.7622973964852683578502452304457082849155
2026-09-30T00:09:46.444397+00:00,GOOGL,340.92,341.31,341.19,341.16,197,197,338.95297898351021921778837758839620801062714
2026-09-30T00:09:46.444397+00:00,MSTR,154.67,155.83,155.41,155.18,704,702,155.9777959765383894862553448172640125624392
2026-09-30T00:09:46.444397+00:00,HOOD,116.22,117.30,117.50,117.33,1,189,115.8439914483655807309855439313130652217
2026-09-30T00:09:46.444397+00:00,CRCL,83.7,83.96,83.97,83.85,2,466,84.277951169682751435867779698197893586003438
2026-09-30T00:09:46.444397+00:00,SPY,764.2,766.95,766.28,766.23,206,206,772.26840507090808137102494804365638974699182
2026-09-30T00:09:46.444397+00:00,QQQ,737.93,740.84,740.52,740.37,7,98,744.23767862059475654342423494302149000718324
2026-09-30T00:09:46.444397+00:00,GLD,382.89,383.06,383.50,383.31,44,44,383.721957423029321909625893323201966827432
2026-09-30T09:42:30.808744+00:00,NVDA,227.21,228.19,228.20,228.19,104,347,229.77576193670154784645999851372041634751788
2026-09-30T09:42:30.808744+00:00,AAPL,329.4,329.85,329.63,329.60,46,210,330.05647034045665742923197757025108284902522
2026-09-30T09:42:30.808744+00:00,TSLA,352.84,353.69,353.64,353.58,34,168,354.0250821108880039285724862
2026-09-30T09:42:30.808744+00:00,GOOGL,340.92,344.44,344.08,344.03,132,281,348.87093563302258655533510253450226648163626
2026-09-30T09:42:30.808744+00:00,MSTR,154.67,155.82,155.70,155.65,74,505,155.5534918662161941722286728464500137437527
2026-09-30T09:42:30.808744+00:00,HOOD,116.22,119.40,119.42,119.36,47,186,119.73751824811141040509743548
2026-09-30T09:42:30.808744+00:00,CRCL,83.7,84.47,84.35,84.30,26,271,84.293640268260897820373701488875087890272621
2026-09-30T09:42:30.808744+00:00,SPY,764.2,765.41,765.25,765.24,58,217,772.72012506841572305892407252460377242489269
2026-09-30T09:42:30.808744+00:00,QQQ,737.93,737.81,737.82,737.76,57,105,740.02845037360179868909737002247483405811764
2026-09-30T09:42:30.808744+00:00,GLD,382.89,383.80,383.99,383.71,13,41,385.97920821291789264010377713428702507705434
2026-09-30T10:45:05.206864+00:00,NVDA,227.21,228.00,227.98,227.97,110,343,227.90305117742931311995419987992317947133272
2026-09-30T10:45:05.206864+00:00,AAPL,329.4,329.55,329.53,329.48,48,199,329.9746010396614188047944825021189563325176
2026-09-30T10:45:05.206864+00:00,TSLA,352.84,351.11,350.69,350.55,54,183,351.239607648145010862985160512185324463359
2026-09-30T10:45:05.206864+00:00,GOOGL,340.92,343.86,343.71,343.67,135,280,349.40342384728806841119636077014201518238467
2026-09-30T10:45:05.206864+00:00,MSTR,154.67,157.30,156.97,156.91,82,511,157.49480336275561203164460075
2026-09-30T10:45:05.206864+00:00,HOOD,116.22,119.40,119.55,119.49,47,175,118.9519105338884085374740209624
2026-09-30T10:45:05.206864+00:00,CRCL,83.7,84.64,84.76,84.73,27,257,84.4624498767958110638742510342357181140654894
2026-09-30T10:45:05.206864+00:00,SPY,764.2,764.75,764.77,764.76,69,223,771.8473549082117323850864243646148111394463
2026-09-30T10:45:05.206864+00:00,QQQ,737.93,737.75,737.65,737.64,64,111,740.88548968247144987705467416
2026-09-30T10:45:05.206864+00:00,GLD,382.89,383.80,383.73,383.40,13,39,385.72991666530566080634207655194968550393652
2026-09-30T11:47:38.674739+00:00,NVDA,227.21,228.03,227.98,227.82,123,346,229.2388076260409949883279776951790886393366
2026-09-30T11:47:38.674739+00:00,AAPL,329.4,329.20,329.58,329.14,54,203,329.63303005032374489715869894364086770475136
2026-09-30T11:47:38.674739+00:00,TSLA,352.84,350.96,350.65,350.31,69,195,351.6407288231658197006129541300356005962972
2026-09-30T11:47:38.674739+00:00,GOOGL,340.92,344.69,344.53,344.38,137,277,349.32016936460609235021413677935768092158356
2026-09-30T11:47:38.674739+00:00,MSTR,154.67,157.30,157.50,156.80,82,510,156.66393085862696717432071106402838044375304
2026-09-30T11:47:38.674739+00:00,HOOD,116.22,119.40,119.41,119.22,47,174,121.38096306425269766161056262412494660251312
2026-09-30T11:47:38.674739+00:00,CRCL,83.7,84.44,84.60,84.30,31,258,84.2457886784677111615931206241429719147671795
2026-09-30T11:47:38.674739+00:00,SPY,764.2,764.10,764.06,763.80,76,226,771.5282694583091750228148898076206792775241
2026-09-30T11:47:38.674739+00:00,QQQ,737.93,737.56,737.07,736.64,72,113,738.18728339239143848705291711281602464550564
2026-09-30T11:47:38.674739+00:00,GLD,382.89,383.80,384.30,383.43,13,38,382.94512093458855405701392895551163340247266
2026-09-30T12:50:13.850684+00:00,NVDA,227.21,228.45,228.64,228.63,142,357,228.60914008191242900241278607304881220388901
2026-09-30T12:50:13.850684+00:00,AAPL,329.4,330.58,330.49,330.45,62,211,331.37757928918984497404089283433785732797746
2026-09-30T12:50:13.850684+00:00,TSLA,352.84,352.01,352.00,351.89,105,227,351.68167316059503507417704783
2026-09-30T12:50:13.850684+00:00,GOOGL,340.92,345.23,345.12,345.10,151,266,345.54309089798867263320529822468220901478125
2026-09-30T12:50:13.850684+00:00,MSTR,154.67,160.70,160.75,160.73,164,588,160.47844972413908209781568579269090908908486
2026-09-30T12:50:13.850684+00:00,HOOD,116.22,121.61,122.20,122.19,61,185,121.03731418345857008841108346340561815977855
2026-09-30T12:50:13.850684+00:00,CRCL,83.7,85.88,86.00,85.96,59,283,85.7120003305237694249347453952631953855733
2026-09-30T12:50:13.850684+00:00,SPY,764.2,766.72,766.92,766.55,104,249,773.06541042424661524729544720728065158313225
2026-09-30T12:50:13.850684+00:00,QQQ,737.93,741.35,740.47,740.45,83,119,741.20541196958847249298022177193047004449352
2026-09-30T12:50:13.850684+00:00,GLD,382.89,384.61,386.14,385.83,14,34,385.04661581130304218311283275289471053089044
2026-09-30T13:52:48.677211+00:00,NVDA,230.33,230.54,230.60,230.58,258,435,231.99897866771808295565770584
2026-09-30T13:52:48.677211+00:00,AAPL,334.07,334.14,333.89,333.84,92,218,334.53060570068454139868502288
2026-09-30T13:52:48.677211+00:00,TSLA,346.81,347.14,346.83,346.81,252,338,347.0927178840937068738976487
2026-09-30T13:52:48.677211+00:00,GOOGL,348.72,348.31,348.41,348.17,219,315,351.95654705921283391303921464
2026-09-30T13:52:48.677211+00:00,MSTR,156.31,156.20,156.26,156.24,532,917,156.30383801675966811408512708278996335426882
2026-09-30T13:52:48.677211+00:00,HOOD,115.41,115.62,115.63,115.61,151,258,114.2744506370327666708830376364374005522602
2026-09-30T13:52:48.677211+00:00,CRCL,84.13,84.16,84.14,84.08,368,542,84.46239120448449332893471911376783057628348
2026-09-30T13:52:48.677211+00:00,SPY,766.97,766.56,766.96,766.93,150,276,773.22990710898342487495863787350490204729611
2026-09-30T13:52:48.677211+00:00,QQQ,741.49,741.45,741.82,741.81,88,123,741.83579874962386324780798965487401300009165
2026-09-30T13:52:48.677211+00:00,GLD,383.32,383.53,384.16,383.21,15,35,382.4487596950627092557035914060298651988139
2026-10-01T05:50:00.358132+00:00,NVDA,228.38,231.08,231.10,231.09,86,626,231.0396397576719925854243654494493251815328
2026-10-01T05:50:00.358132+00:00,AAPL,333.02,334.59,334.61,334.59,8,149,333.66119787603235057025556464258625524763616
2026-10-01T05:50:00.358132+00:00,TSLA,354.81,357.26,357.54,357.52,94,681,356.20202149517233615895083053029066681910181
2026-10-01T05:50:00.358132+00:00,GOOGL,344.08,354.15,354.16,354.15,120,818,357.78634817986228528096843510164383614517344
2026-10-01T05:50:00.358132+00:00,MSTR,153.09,156.23,156.38,156.36,299,1377,156.45870195364917784619891643881841249101808
2026-10-01T05:50:00.358132+00:00,HOOD,112.5,113.90,113.98,113.95,91,453,112.124274901239718291824600224017788127187814
2026-10-01T05:50:00.358132+00:00,CRCL,82.17,83.11,83.25,83.23,88,999,83.5735248100367619291423857164
2026-10-01T05:50:00.358132+00:00,SPY,762.63,767.20,767.51,767.49,29,269,767.59571050144312965392336425
2026-10-01T05:50:00.358132+00:00,QQQ,739.77,748.93,748.97,748.94,45,139,749.50856734131045518245119734
2026-10-01T05:50:00.358132+00:00,GLD,380.84,380.63,383.62,383.44,2,25,382.0698428911280526938086216151168853241724
2026-10-01T06:52:33.868534+00:00,NVDA,228.38,231.63,231.64,231.63,212,747,231.62389013448609073336799529920237966200116
2026-10-01T06:52:33.868534+00:00,AAPL,333.02,333.89,333.98,333.97,17,154,333.84004180111292095639503232635660240634276
2026-10-01T06:52:33.868534+00:00,TSLA,354.81,357.61,356.95,356.88,97,684,356.31365641969136166168165623699390433933516
2026-10-01T06:52:33.868534+00:00,GOOGL,344.08,353.30,353.60,353.58,144,840,357.95428919270221003352377146780707918146048
2026-10-01T06:52:33.868534+00:00,MSTR,153.09,155.74,155.83,155.77,344,1415,156.30251102515711247268902194760379874508675
2026-10-01T06:52:33.868534+00:00,HOOD,112.5,113.94,113.90,113.84,100,461,112.124274901239718291824600224017788127187814
2026-10-01T06:52:33.868534+00:00,CRCL,82.17,83.14,83.24,83.19,98,1007,82.9240819876340468017821344202732017353564469
2026-10-01T06:52:33.868534+00:00,SPY,762.63,766.23,766.62,766.48,48,279,768.98262715194054963867693235183221068550131
2026-10-01T06:52:33.868534+00:00,QQQ,739.77,748.65,748.41,748.39,69,155,752.30143041500483150830411540302766534522958
2026-10-01T06:52:33.868534+00:00,GLD,380.84,384.09,383.38,383.11,4,19,382.20644338486675869612025149445380649656042
2026-10-01T07:55:06.818610+00:00,NVDA,228.38,230.23,230.26,230.24,241,773,231.3130066387381466886632935217682645328362
2026-10-01T07:55:06.818610+00:00,AAPL,333.02,332.59,332.60,332.54,22,154,329.37616425571100156470755824680420367036628
2026-10-01T07:55:06.818610+00:00,TSLA,354.81,356.33,356.36,356.34,107,690,357.24013966588350167465901443581152723764028
2026-10-01T07:55:06.818610+00:00,GOOGL,344.08,351.37,351.76,351.71,157,849,353.38396190394392443924064212083471406615488
2026-10-01T07:55:06.818610+00:00,MSTR,153.09,153.61,154.00,153.92,352,1420,153.53237980927612232356360625425665958374204
2026-10-01T07:55:06.818610+00:00,HOOD,112.5,113.08,112.98,112.95,141,502,111.590377848711027139546408616490220145066098
2026-10-01T07:55:06.818610+00:00,CRCL,82.17,82.45,82.33,82.27,111,1018,82.35744730104767720423223862847028712333482
2026-10-01T07:55:06.818610+00:00,SPY,762.63,763.46,763.46,763.43,107,334,761.41713461066739994180630657806072603824436
2026-10-01T07:55:06.818610+00:00,QQQ,739.77,743.54,744.68,744.61,86,168,747.77280964808695073412061262385277328817307
2026-10-01T07:55:06.818610+00:00,GLD,380.84,381.61,381.70,381.39,6,20,378.70192322098387669795685295
2026-10-01T08:57:39.500074+00:00,NVDA,228.38,230.31,230.55,230.54,245,762,231.43971741407596690548457493
2026-10-01T08:57:39.500074+00:00,AAPL,333.02,332.57,332.59,332.58,30,158,330.20954087243135990896768996
2026-10-01T08:57:39.500074+00:00,TSLA,354.81,356.00,356.24,356.20,116,697,354.40671698384085368329439133
2026-10-01T08:57:39.500074+00:00,GOOGL,344.08,350.42,350.62,350.60,183,802,355.40807313082625687190376112
2026-10-01T08:57:39.500074+00:00,MSTR,153.09,152.84,153.90,153.83,357,1424,153.81755334023643566374055559072293999185631
2026-10-01T08:57:39.500074+00:00,HOOD,112.5,112.40,112.58,112.57,166,523,110.912262625510455352126393566562123438401406
2026-10-01T08:57:39.500074+00:00,CRCL,82.17,82.12,82.06,82.03,121,1027,81.711187398630927112444100508
2026-10-01T08:57:39.500074+00:00,SPY,762.63,763.06,763.23,763.14,121,344,766.07593455008833619985359041418841516695685
2026-10-01T08:57:39.500074+00:00,QQQ,739.77,742.41,743.64,743.58,94,172,746.2626536317348765382614658
2026-10-01T08:57:39.500074+00:00,GLD,380.84,381.52,380.76,380.46,8,22,379.19569769099687414156413719
2026-10-01T15:26:33.053345+00:00,NVDA,230.65,230.13,230.54,230.53,385,586,230.67783790177285110524096228902675305514512
2026-10-01T15:26:33.053345+00:00,AAPL,329.14,328.87,329.03,328.99,150,197,328.71036346839106140359288441
2026-10-01T15:26:33.053345+00:00,TSLA,358.37,358.44,358.55,358.49,290,530,357.46242951563341740097743940665580171332126
2026-10-01T15:26:33.053345+00:00,GOOGL,341.34,341.34,341.53,341.52,460,896,340.73144551847329681773050804803787346847035
2026-10-01T15:26:33.053345+00:00,MSTR,157.07,156.63,157.12,157.08,461,739,156.68812721330232243333640642208932477579161
2026-10-01T15:26:33.053345+00:00,HOOD,112.01,111.99,111.98,111.97,310,426,111.579184977503202850111678856025498546803736
2026-10-01T15:26:33.053345+00:00,CRCL,83.02,83.18,83.13,83.06,283,516,83.485753685419129662289492776
2026-10-01T15:26:33.053345+00:00,SPY,761.14,760.90,761.37,761.34,283,370,765.13931852988277810367901894
2026-10-01T15:26:33.053345+00:00,QQQ,739.53,738.69,739.53,739.39,135,171,738.20698123272589218142215767
2026-10-01T15:26:33.053345+00:00,GLD,382.04,381.71,382.07,381.77,22,31,381.4107771339965867770276624
2026-10-01T16:29:09.995214+00:00,NVDA,230.53,230.41,230.39,230.37,403,594,230.7191730600083611772137548932715319415657
2026-10-01T16:29:09.995214+00:00,AAPL,328.68,328.43,328.46,328.44,188,227,326.97689273576568387038139571956404303967525
2026-10-01T16:29:09.995214+00:00,TSLA,356.34,356.05,356.26,356.22,308,540,355.43462612357426557216034963117068366183875
2026-10-01T16:29:09.995214+00:00,GOOGL,339.49,339.50,339.48,339.47,563,903,339.7407539809767222960266384369884374674004
2026-10-01T16:29:09.995214+00:00,MSTR,156.2,156.46,156.42,156.39,465,697,156.95675280091880281514306765350031583625264
2026-10-01T16:29:09.995214+00:00,HOOD,111.45,111.46,111.40,111.39,339,452,110.979503238516858023153182479568403116823896
2026-10-01T16:29:09.995214+00:00,CRCL,82.18,82.20,82.29,82.25,359,525,82.0594630193875341450702124950541761903755917
2026-10-01T16:29:09.995214+00:00,SPY,761.32,761.58,761.78,761.57,311,387,766.23772100397883304678550677959760138084144
2026-10-01T16:29:09.995214+00:00,QQQ,738.72,738.32,738.69,738.68,142,169,738.68582191481445133873621983672533446725164
2026-10-01T16:29:09.995214+00:00,GLD,382.19,382.31,382.21,381.95,23,31,381.08247843071873654181378605879068135453232
2026-10-01T17:31:46.225099+00:00,NVDA,231.22,231.22,230.99,230.94,432,613,231.07471823854574700789797908530387193260189
2026-10-01T17:31:46.225099+00:00,AAPL,329.18,329.23,329.13,329.10,206,242,329.73223364990627332806927419763199097927223
2026-10-01T17:31:46.225099+00:00,TSLA,358.04,357.49,357.98,357.94,324,546,359.1218051582721706012011575
2026-10-01T17:31:46.225099+00:00,GOOGL,339.09,339.13,339.05,339.00,642,944,339.96784285083108051277880607
2026-10-01T17:31:46.225099+00:00,MSTR,161.06,161.07,160.67,160.65,491,718,160.13372023079243895974088692308983807811446
2026-10-01T17:31:46.225099+00:00,HOOD,112.61,112.45,112.41,112.38,376,447,111.922016973111992300356568502
2026-10-01T17:31:46.225099+00:00,CRCL,83.96,83.91,83.85,83.83,494,637,83.80146916728420979097622246751895854887861
2026-10-01T17:31:46.225099+00:00,SPY,764.38,763.96,764.45,764.38,325,395,770.64098604604341729155446234863718200503402
2026-10-01T17:31:46.225099+00:00,QQQ,743.43,743.17,743.61,743.54,151,177,744.30039703598281928128022715478372420409388
2026-10-01T17:31:46.225099+00:00,GLD,382.64,382.24,382.82,382.57,25,33,382.25644976256150068744728004589059152702294
2026-10-01T18:34:22.216787+00:00,NVDA,231.75,231.49,231.56,231.55,440,608,232.10983456810195610210856028712118091553534
2026-10-01T18:34:22.216787+00:00,AAPL,329.3,329.55,329.15,329.10,214,245,328.896327354090609196697236137558
2026-10-01T18:34:22.216787+00:00,TSLA,357.09,357.30,357.21,357.16,351,505,358.01856343421213583164116930258007772179896
2026-10-01T18:34:22.216787+00:00,GOOGL,338.88,338.90,339.12,339.11,656,944,339.84274662108210904250429184926287170967032
2026-10-01T18:34:22.216787+00:00,MSTR,158.94,159.47,159.47,159.46,499,697,158.33407469168477236640664494203018154610024
2026-10-01T18:34:22.216787+00:00,HOOD,111.91,111.76,111.94,111.93,390,453,112.00906181523285116406707077308655122927372
2026-10-01T18:34:22.216787+00:00,CRCL,83.47,83.31,83.45,83.42,525,661,83.019205877843176153288221334440916839857324
2026-10-01T18:34:22.216787+00:00,SPY,764.92,764.90,764.65,764.53,344,408,770.81604710116151082503278409011990434286072
2026-10-01T18:34:22.216787+00:00,QQQ,743.47,743.02,743.18,743.14,160,184,747.4838021041733342322804801848451238813516
2026-10-01T18:34:22.216787+00:00,GLD,383.24,382.68,383.06,382.77,29,35,381.51172989954902049750807735289990597139956
ZMENA
2026-10-02T02:55:44.379932+00:00,NVDA,230.86,231.57,231.73,231.70,62,521,232.81774481209263430958318709239911260104183
2026-10-02T02:55:44.379932+00:00,AAPL,330.32,330.81,330.89,330.83,7,231,330.55897315907167158408607642188922793944259
2026-10-02T02:55:44.379932+00:00,TSLA,354.11,355.60,355.76,355.75,52,400,355.21151859382236740978556744
2026-10-02T02:55:44.379932+00:00,GOOGL,338.24,339.35,339.56,339.54,20,642,339.9892384407862113153123060495059801204741
2026-10-02T02:55:44.379932+00:00,MSTR,160.5,162.25,162.36,162.34,142,541,161.47003057822099874598499813662624780354006
2026-10-02T02:55:44.379932+00:00,HOOD,111.15,111.91,111.99,111.98,28,433,111.4477790313580156093688490627
2026-10-02T02:55:44.379932+00:00,CRCL,82.91,83.64,83.78,83.74,87,623,83.543369337687444984036826482796656353159844
2026-10-02T02:55:44.379932+00:00,SPY,763.99,765.69,765.69,765.64,26,368,767.54753083199415296321909080400447801784046
2026-10-02T02:55:44.379932+00:00,QQQ,742.03,744.65,744.75,744.72,33,193,745.54532537384403419592655563308840255127096
2026-10-02T02:55:44.379932+00:00,GLD,382.76,381.89,381.74,381.42,1,34,380.10881956700661022919178896365798195398095
2026-10-02T03:58:19.443918+00:00,NVDA,230.86,231.49,231.63,231.62,73,527,231.72709874061560500176136723374023685679356
2026-10-02T03:58:19.443918+00:00,AAPL,330.32,331.08,331.09,331.04,9,233,331.58543170198824546362074328457189193141825
2026-10-02T03:58:19.443918+00:00,TSLA,354.11,355.64,355.67,355.65,56,388,354.88174550984528751866312322559283195851604
2026-10-02T03:58:19.443918+00:00,GOOGL,338.24,339.67,339.82,339.76,22,630,340.08795143460040891344185403238499889743772
2026-10-02T03:58:19.443918+00:00,MSTR,160.5,163.48,163.60,163.58,294,643,163.20924064258674082783034834573125809279798
2026-10-02T03:58:19.443918+00:00,HOOD,111.15,112.30,112.28,112.27,36,419,110.872932165012023113532599974
2026-10-02T03:58:19.443918+00:00,CRCL,82.91,84.16,84.23,84.20,112,636,84.048200058576354270911168983697328172011945
2026-10-02T03:58:19.443918+00:00,SPY,763.99,765.69,765.69,765.65,26,366,767.836652765183658231587579226679850146041
2026-10-02T03:58:19.443918+00:00,QQQ,742.03,744.58,744.93,744.82,35,181,745.87519894984844926059085572301873390809365
2026-10-02T03:58:19.443918+00:00,GLD,382.76,382.08,383.06,382.73,3,36,381.63284095342485530723794510844216254979094
2026-10-02T05:00:53.347960+00:00,NVDA,230.86,232.01,231.98,231.97,103,535,232.6098508895805780358006815913239400311702
2026-10-02T05:00:53.347960+00:00,AAPL,330.32,331.34,331.41,331.38,12,235,332.20641623192903386034500972898770464652544
2026-10-02T05:00:53.347960+00:00,TSLA,354.11,356.30,356.31,356.30,66,386,355.38393138827304635701515456899613447148336
2026-10-02T05:00:53.347960+00:00,GOOGL,338.24,339.73,339.96,339.95,36,636,340.66360406345075505459888319479297733315073
2026-10-02T05:00:53.347960+00:00,MSTR,160.5,165.90,165.84,165.83,508,809,165.71790572195331030747639725762455718627046
2026-10-02T05:00:53.347960+00:00,HOOD,111.15,113.44,113.48,113.42,73,440,113.1950203487308660926862299996517026481917995
2026-10-02T05:00:53.347960+00:00,CRCL,82.91,85.14,85.16,85.14,176,690,84.954377133751323965886281374392863252650374
2026-10-02T05:00:53.347960+00:00,SPY,763.99,766.17,766.70,766.64,32,372,772.59978167285557161343945312733284030872876
2026-10-02T05:00:53.347960+00:00,QQQ,742.03,745.57,745.89,745.74,39,178,746.81616841400716719217884983917915982100072
2026-10-02T05:00:53.347960+00:00,GLD,382.76,382.08,383.57,383.28,3,36,384.9690942006051410703811592065412396040119
2026-10-02T06:03:27.436041+00:00,NVDA,230.86,231.98,231.80,231.79,118,522,232.58677669727944005267238620250772799526984
2026-10-02T06:03:27.436041+00:00,AAPL,330.32,331.21,331.18,331.12,15,234,329.8836149624959365114905404871410523846116
2026-10-02T06:03:27.436041+00:00,TSLA,354.11,355.81,355.94,355.93,73,376,354.80434949016623250967366174390041061086532
2026-10-02T06:03:27.436041+00:00,GOOGL,338.24,339.57,339.51,339.50,39,618,339.52730276954523565480020008953266276280943
2026-10-02T06:03:27.436041+00:00,MSTR,160.5,163.91,164.00,163.99,673,914,164.11783777196142057867736493153396664130725
2026-10-02T06:03:27.436041+00:00,HOOD,111.15,112.55,112.84,112.83,92,432,113.1950203487308660926862299996517026481917995
2026-10-02T06:03:27.436041+00:00,CRCL,82.91,84.43,84.43,84.40,251,733,84.696316828921455095143296945
2026-10-02T06:03:27.436041+00:00,SPY,763.99,766.00,766.07,766.06,46,380,769.40032105274469108269069174
2026-10-02T06:03:27.436041+00:00,QQQ,742.03,744.92,745.33,745.29,42,162,747.79347964294994234845211006929708131625264
2026-10-02T06:03:27.436041+00:00,GLD,382.76,383.96,384.46,384.21,8,40,381.4736298244915735032272481949998415718464
2026-10-02T07:06:01.484493+00:00,NVDA,230.86,231.63,231.87,231.85,133,417,232.55521651089234200285495734453258558708319
2026-10-02T07:06:01.484493+00:00,AAPL,330.32,330.82,330.94,330.92,19,231,332.60277649295540711994879784328404492915296
2026-10-02T07:06:01.484493+00:00,TSLA,354.11,355.90,355.72,355.71,80,379,356.3369045119663932671333815743336500703504
2026-10-02T07:06:01.484493+00:00,GOOGL,338.24,339.80,339.72,339.69,45,607,340.09538288451985787198295806534844801633632
2026-10-02T07:06:01.484493+00:00,MSTR,160.5,164.96,164.99,164.98,862,1067,165.03948025199001755748236983082283103303008
2026-10-02T07:06:01.484493+00:00,HOOD,111.15,112.92,113.04,112.99,105,438,111.6157270958538961392771546244974322941768
2026-10-02T07:06:01.484493+00:00,CRCL,82.91,84.47,84.54,84.52,293,767,84.609317242298776273295608527835217821034778
2026-10-02T07:06:01.484493+00:00,SPY,763.99,765.42,765.84,765.80,63,380,771.455388447743654344172529142627097307819
2026-10-02T07:06:01.484493+00:00,QQQ,742.03,744.62,745.24,745.23,46,150,749.24909479792652730563161732628899416806316
2026-10-02T07:06:01.484493+00:00,GLD,382.76,383.15,383.24,382.92,10,41,384.23257734985831155259550691891546391910398
2026-10-03T02:42:51.129705+00:00,NVDA,233.95,234.45,234.35,234.34,4,582,235.44737435991092378313081847747400886060918
2026-10-03T02:42:51.129705+00:00,AAPL,333.69,333.35,333.37,333.36,5,127,333.88605614268607701668134322
2026-10-03T02:42:51.129705+00:00,TSLA,370.59,371.15,371.12,371.11,8,643,371.98158170970457717682479864090625
2026-10-03T02:42:51.129705+00:00,GOOGL,343.5,342.79,343.13,343.12,1,401,344.80814662566564102246289639032046103414131
2026-10-03T02:42:51.129705+00:00,MSTR,160.01,161.39,161.51,161.50,76,1705,160.87501392774134761220281815
2026-10-03T02:42:51.129705+00:00,HOOD,112.74,113.09,113.20,113.19,13,596,112.46113679792912351504472136
2026-10-03T02:42:51.129705+00:00,CRCL,81.25,81.99,82.01,81.99,58,1072,82.153548429240215075169588252788286382646086
2026-10-03T02:42:51.129705+00:00,SPY,769.64,769.93,770.69,770.68,4,320,771.9148670410198951503563399692519254557364
2026-10-03T02:42:51.129705+00:00,QQQ,749.58,750.29,750.00,749.92,15,159,755.02823441408256091361238665654372983261375
2026-10-03T02:42:51.129705+00:00,GLD,380.14,380.08,379.86,379.57,137,136,382.16834268843669709295682
2026-10-03T03:45:26.781062+00:00,NVDA,233.95,234.34,234.35,234.34,7,575,234.15275026949022874475362063900000436198362
2026-10-03T03:45:26.781062+00:00,AAPL,333.69,333.35,333.50,333.49,5,126,333.0313545171577704346195185060604168914457
2026-10-03T03:45:26.781062+00:00,TSLA,370.59,371.04,370.87,370.84,11,641,369.83200064892986424839139811917114725609208
2026-10-03T03:45:26.781062+00:00,GOOGL,343.5,342.79,343.61,343.60,1,398,342.3425986807670860611665044
2026-10-03T03:45:26.781062+00:00,MSTR,160.01,161.39,161.51,161.49,87,1598,161.65220941990468277916611030596257906759655
2026-10-03T03:45:26.781062+00:00,HOOD,112.74,113.15,113.14,113.13,16,593,112.46113679792912351504472136
2026-10-03T03:45:26.781062+00:00,CRCL,81.25,81.85,81.94,81.92,86,1074,81.681298985077901392071453890876174131924444
2026-10-03T03:45:26.781062+00:00,SPY,769.64,770.68,770.69,770.68,5,318,770.97124015012562243236394934
2026-10-03T03:45:26.781062+00:00,QQQ,749.58,749.80,749.82,749.79,17,159,751.26484425307152155428792031568632698624323
2026-10-03T03:45:26.781062+00:00,GLD,380.14,380.08,380.01,379.69,137,134,378.91286302672895777464702964149134240431008
2026-10-03T04:48:02.161179+00:00,NVDA,233.95,234.30,234.30,234.29,13,555,235.47594844273574041968037410051654034305918
2026-10-03T04:48:02.161179+00:00,AAPL,333.69,333.44,333.40,333.37,7,124,333.24128636177902209322886954911780312044734
2026-10-03T04:48:02.161179+00:00,TSLA,370.59,370.64,370.65,370.64,13,637,370.1682306770707346127307446834953335311885
2026-10-03T04:48:02.161179+00:00,GOOGL,343.5,343.70,343.66,343.64,6,399,344.07932142657791149395687743988614446014624
2026-10-03T04:48:02.161179+00:00,MSTR,160.01,161.09,161.23,161.21,119,1398,160.5645607112692942093413145
2026-10-03T04:48:02.161179+00:00,HOOD,112.74,112.92,112.96,112.94,28,572,112.46113679792912351504472136
2026-10-03T04:48:02.161179+00:00,CRCL,81.25,81.71,81.78,81.76,110,1039,81.598235267051122806260751784910297590998936
2026-10-03T04:48:02.161179+00:00,SPY,769.64,770.66,770.26,770.25,15,324,773.5442319967681526191145531544950134514498
2026-10-03T04:48:02.161179+00:00,QQQ,749.58,749.67,749.59,749.51,22,161,750.26012903590383362673958666672000952107776
2026-10-03T04:48:02.161179+00:00,GLD,380.14,379.35,379.91,379.61,4,138,379.30189531390670325442225646310198607700692
2026-10-03T05:50:37.809238+00:00,NVDA,233.95,234.30,234.30,234.29,14,536,233.99404524395248029035091017934465846417851
2026-10-03T05:50:37.809238+00:00,AAPL,333.69,333.44,333.40,333.37,7,122,333.7275320637729963083437945603169001185993
2026-10-03T05:50:37.809238+00:00,TSLA,370.59,370.88,370.73,370.72,16,630,369.8771979797896143088099876941881650422204
2026-10-03T05:50:37.809238+00:00,GOOGL,343.5,343.70,343.66,343.64,6,387,343.81702720997817153054809386421897657153444
2026-10-03T05:50:37.809238+00:00,MSTR,160.01,161.02,160.95,160.94,138,1255,160.60110277007069618580417289324962503153448
2026-10-03T05:50:37.809238+00:00,HOOD,112.74,113.05,112.97,112.96,31,549,112.46113679792912351504472136
2026-10-03T05:50:37.809238+00:00,CRCL,81.25,81.65,81.67,81.65,123,987,81.580558941960806779527537523386294490962
2026-10-03T05:50:37.809238+00:00,SPY,769.64,770.62,770.66,770.63,24,319,773.19654813616166746802664877738131475362372
2026-10-03T05:50:37.809238+00:00,QQQ,749.58,749.67,749.71,749.64,22,158,750.54122061343193299644055198951645181324665
2026-10-03T05:50:37.809238+00:00,GLD,380.14,379.35,379.87,379.59,4,134,380.41246381272083609979874304
2026-10-03T06:53:14.137964+00:00,NVDA,233.95,234.30,234.30,234.29,15,522,235.43717626274400311128317929164822789042988
2026-10-03T06:53:14.137964+00:00,AAPL,333.69,333.50,333.50,333.46,8,119,333.64623950239336282881279972766718396150444
2026-10-03T06:53:14.137964+00:00,TSLA,370.59,370.86,370.84,370.83,18,624,370.04586646706280425199278835245286487404642
2026-10-03T06:53:14.137964+00:00,GOOGL,343.5,343.72,343.69,343.68,8,382,343.48297809843486747363567168
2026-10-03T06:53:14.137964+00:00,MSTR,160.01,160.84,160.93,160.91,157,1168,160.68127681188342698472980771740438528170542
2026-10-03T06:53:14.137964+00:00,HOOD,112.74,112.98,113.08,113.07,35,543,112.46113679792912351504472136
2026-10-03T06:53:14.137964+00:00,CRCL,81.25,81.72,81.65,81.64,160,973,81.597802993345537182674048178976934032473045
2026-10-03T06:53:14.137964+00:00,SPY,769.64,770.64,770.64,770.63,26,303,777.63471356518854631021983416344231967604111
2026-10-03T06:53:14.137964+00:00,QQQ,749.58,749.67,749.75,749.66,22,152,755.01976292196046337374408756997824620847389
2026-10-03T06:53:14.137964+00:00,GLD,380.14,379.35,379.95,379.65,4,131,379.65621685124738326874926493194306885951625
2026-10-04T03:13:30.983429+00:00,NVDA,233.95,234.56,234.58,234.56,12,428,234.58820788859434225014280045644356305313172
2026-10-04T03:13:30.983429+00:00,AAPL,333.69,333.36,333.29,333.27,49,44,333.34764425708053008059426488654361573537853
2026-10-04T03:13:30.983429+00:00,TSLA,370.59,371.39,371.40,371.39,8,110,371.27801034486706746978002412
2026-10-04T03:13:30.983429+00:00,GOOGL,343.5,343.75,343.81,343.80,6,173,344.97509523970822266077642939782322892511704
2026-10-04T03:13:30.983429+00:00,MSTR,160.01,163.62,163.63,163.62,39,389,163.378711827617545372825714180018362225622429
2026-10-04T03:13:30.983429+00:00,HOOD,112.74,113.15,113.25,113.22,6,68,112.629422044123653909422982109959327382027362
2026-10-04T03:13:30.983429+00:00,CRCL,81.25,82.58,82.62,82.58,4,140,82.396797275500513149561163473670631944369668
2026-10-04T03:13:30.983429+00:00,SPY,769.64,770.74,770.75,770.74,2,106,773.0104579637346655060856498819672740319023
2026-10-04T03:13:30.983429+00:00,QQQ,749.58,750.41,750.37,750.33,7,52,751.13534640881580411955557617889317785306928
2026-10-04T03:13:30.983429+00:00,GLD,380.14,379.78,380.03,379.73,22,40,378.57596230136925820046819636
2026-10-04T04:16:05.700167+00:00,NVDA,233.95,234.62,234.49,234.46,15,431,235.4390721045838053850766582625014312706675
2026-10-04T04:16:05.700167+00:00,AAPL,333.69,333.36,333.29,333.27,49,43,332.8231114304409548611951531
2026-10-04T04:16:05.700167+00:00,TSLA,370.59,371.42,371.62,371.61,10,110,372.05200083815829478936188363405148743070854
2026-10-04T04:16:05.700167+00:00,GOOGL,343.5,343.98,343.95,343.92,8,172,345.3085374180351974935777782342157463536128
2026-10-04T04:16:05.700167+00:00,MSTR,160.01,163.99,164.00,163.98,43,383,164.140378894426716795225852552317060969044182
2026-10-04T04:16:05.700167+00:00,HOOD,112.74,113.21,113.20,113.19,7,69,112.981575610267898771327823215431657494138936
2026-10-04T04:16:05.700167+00:00,CRCL,81.25,82.69,82.79,82.77,7,127,82.85304068431732133329369330728409735535053
2026-10-04T04:16:05.700167+00:00,SPY,769.64,770.74,770.74,770.72,6,109,771.7115006089717207846672946743597616694485
2026-10-04T04:16:05.700167+00:00,QQQ,749.58,750.37,750.37,750.36,13,52,750.6644138604765182710565566007285889587946
2026-10-04T04:16:05.700167+00:00,GLD,380.14,379.78,379.96,379.63,22,40,381.57019426566676910996100371565587140829184
2026-10-04T05:18:40.770783+00:00,NVDA,233.95,234.55,234.59,234.58,21,431,234.13277034055355040482435910580055847919345
2026-10-04T05:18:40.770783+00:00,AAPL,333.69,333.36,333.34,333.31,49,42,333.6358162193856498484138102708847631320073
2026-10-04T05:18:40.770783+00:00,TSLA,370.59,371.42,371.62,371.61,10,108,373.45608083975209462610068417
2026-10-04T05:18:40.770783+00:00,GOOGL,343.5,343.98,343.99,343.94,8,170,344.27262564748803734544358435
2026-10-04T05:18:40.770783+00:00,MSTR,160.01,163.92,164.04,164.03,55,362,163.03128400355883624896236278
2026-10-04T05:18:40.770783+00:00,HOOD,112.74,113.20,113.31,113.30,8,57,112.39126982653074209857842822
2026-10-04T05:18:40.770783+00:00,CRCL,81.25,82.66,82.78,82.74,10,111,82.87714667802616510752919994897027679292657
2026-10-04T05:18:40.770783+00:00,SPY,769.64,770.74,770.75,770.74,7,97,777.77244438752190750062407945242569325558272
2026-10-04T05:18:40.770783+00:00,QQQ,749.58,750.37,750.37,750.36,13,51,750.6644138604765182710565566007285889587946
2026-10-04T05:18:40.770783+00:00,GLD,380.14,379.78,379.91,379.61,22,36,381.4772767698149149165384314203843396451546
2026-10-04T06:21:15.452160+00:00,NVDA,233.95,234.64,234.65,234.64,29,438,234.70473071992925964855323353106517204456639
2026-10-04T06:21:15.452160+00:00,AAPL,333.69,333.27,333.29,333.27,2,44,332.8912044964127026275567182156213990287904
2026-10-04T06:21:15.452160+00:00,TSLA,370.59,371.61,371.62,371.61,11,106,372.52927464070590273438457608017705379652457
2026-10-04T06:21:15.452160+00:00,GOOGL,343.5,344.03,344.30,344.24,11,173,344.99655723607495423840690679167745520760708
2026-10-04T06:21:15.452160+00:00,MSTR,160.01,164.33,164.36,164.34,61,352,163.26381897434101073479187460491721042127194
2026-10-04T06:21:15.452160+00:00,HOOD,112.74,113.20,113.34,113.33,8,54,112.39126982653074209857842822
2026-10-04T06:21:15.452160+00:00,CRCL,81.25,82.84,82.86,82.82,12,104,82.863304701330159218131057274689325366444301
2026-10-04T06:21:15.452160+00:00,SPY,769.64,770.97,771.08,771.07,10,94,772.050394260061824602582029099339118949494
2026-10-04T06:21:15.452160+00:00,QQQ,749.58,750.37,750.84,750.79,14,52,756.38270399962259000307838881
2026-10-04T06:21:15.452160+00:00,GLD,380.14,379.78,379.81,379.63,22,36,379.09493422517459159347562454019817036658364
2026-10-04T07:23:50.298779+00:00,NVDA,233.95,234.72,234.72,234.69,33,438,234.524255686729927837066301034479682199059
2026-10-04T07:23:50.298779+00:00,AAPL,333.69,333.27,333.34,333.31,2,41,332.8912044964127026275567182156213990287904
2026-10-04T07:23:50.298779+00:00,TSLA,370.59,371.53,371.54,371.53,43,136,371.6625925955936029443629919
2026-10-04T07:23:50.298779+00:00,GOOGL,343.5,344.03,344.03,344.01,11,171,344.1721826259478555021087144477724284595647
2026-10-04T07:23:50.298779+00:00,MSTR,160.01,164.38,164.42,164.40,76,345,163.678048765347969557820553841588213414699408
2026-10-04T07:23:50.298779+00:00,HOOD,112.74,113.20,113.19,113.18,11,53,112.39126982653074209857842822
2026-10-04T07:23:50.298779+00:00,CRCL,81.25,83.00,82.92,82.90,14,67,82.997216266129217367075215183981809932864984
2026-10-04T07:23:50.298779+00:00,SPY,769.64,771.07,770.91,770.90,19,102,772.9800349890258409301260248884336033009133
2026-10-04T07:23:50.298779+00:00,QQQ,749.58,750.81,750.77,750.76,16,53,754.70671749396443015606075840504993261874183
2026-10-04T07:23:50.298779+00:00,GLD,380.14,379.78,379.99,379.69,22,36,379.53249788122184954258261891293888987115562
2026-10-05T02:48:39.026927+00:00,NVDA,233.95,235.82,235.69,235.68,23,256,236.9831900819147577111627588417426722867288
2026-10-05T02:48:39.026927+00:00,AAPL,333.69,333.25,333.53,333.52,4,46,331.9375398455945150890120107484260198791113
2026-10-05T02:48:39.026927+00:00,TSLA,370.59,372.40,372.63,372.60,44,140,370.6932676668563919503990176
2026-10-05T02:48:39.026927+00:00,GOOGL,343.5,344.67,344.35,344.31,10,74,343.67776123344816564042686808
2026-10-05T02:48:39.026927+00:00,MSTR,160.01,165.24,165.17,165.14,91,335,164.41670989458223146164143945
2026-10-05T02:48:39.026927+00:00,HOOD,112.74,114.45,114.54,114.53,59,90,112.674210206326776397078451470118728768169525
2026-10-05T02:48:39.026927+00:00,CRCL,81.25,83.24,83.15,83.14,57,143,83.04308656746116504265318144180985606950579
2026-10-05T02:48:39.026927+00:00,SPY,769.64,770.30,769.96,769.81,12,89,775.8897815155924909808943826324283629705408
2026-10-05T02:48:39.026927+00:00,QQQ,749.58,751.55,751.32,751.29,30,89,754.99572806458608026754795666
2026-10-05T02:48:39.026927+00:00,GLD,380.14,380.31,380.36,380.20,4,7,382.03251730695409539556121433344539482028529
2026-10-05T03:51:12.166070+00:00,NVDA,233.95,235.63,235.56,235.55,31,262,235.35766073067050872596271320016025535024984
2026-10-05T03:51:12.166070+00:00,AAPL,333.69,333.20,333.24,333.20,11,53,329.72289504490837391970826564
2026-10-05T03:51:12.166070+00:00,TSLA,370.59,372.37,372.39,372.38,56,149,372.09865669697638472417294589
2026-10-05T03:51:12.166070+00:00,GOOGL,343.5,344.05,343.90,343.85,11,73,344.2784827490362730148355109815705077749286
2026-10-05T03:51:12.166070+00:00,MSTR,160.01,164.27,164.10,164.09,116,354,163.916040900587094772435698664642125735188965
2026-10-05T03:51:12.166070+00:00,HOOD,112.74,114.15,114.05,114.02,71,101,112.674210206326776397078451470118728768169525
2026-10-05T03:51:12.166070+00:00,CRCL,81.25,82.68,82.76,82.75,102,185,82.436612968197335969450862792
2026-10-05T03:51:12.166070+00:00,SPY,769.64,769.08,769.10,769.08,20,97,771.48071130387415930189248936027036166437888
2026-10-05T03:51:12.166070+00:00,QQQ,749.58,750.78,750.78,750.74,37,92,751.10020619290611454301455536974689386571776
2026-10-05T03:51:12.166070+00:00,GLD,380.14,379.28,380.11,379.82,6,9,380.46120831385888659707134962111108073702525
2026-10-05T04:53:45.282305+00:00,NVDA,233.95,235.50,235.37,235.36,45,267,235.31844887816696291229788500399681259189073
2026-10-05T04:53:45.282305+00:00,AAPL,333.69,332.82,332.89,332.88,16,58,334.6710630580794497521021680060094619398559
2026-10-05T04:53:45.282305+00:00,TSLA,370.59,372.41,372.15,372.12,64,157,371.36790026739311133581449857
2026-10-05T04:53:45.282305+00:00,GOOGL,343.5,343.73,343.81,343.76,14,75,343.926399511386579202
2026-10-05T04:53:45.282305+00:00,MSTR,160.01,162.83,162.71,162.68,181,416,162.8161409043990324899937842121173820963124
2026-10-05T04:53:45.282305+00:00,HOOD,112.74,113.80,113.69,113.67,87,117,112.674210206326776397078451470118728768169525
2026-10-05T04:53:45.282305+00:00,CRCL,81.25,82.49,82.41,82.40,151,232,82.570904480166493775042008968
2026-10-05T04:53:45.282305+00:00,SPY,769.64,768.42,768.85,768.81,24,97,775.169747638540728834045725504780039196786
2026-10-05T04:53:45.282305+00:00,QQQ,749.58,750.01,749.63,749.59,54,105,749.49467665949964082326028171
2026-10-05T04:53:45.282305+00:00,GLD,380.14,378.81,379.00,378.82,8,11,378.0047886070083420620387353325323694357585
2026-10-05T05:56:18.454473+00:00,NVDA,233.95,235.16,235.27,235.26,61,282,236.19763500878863326777880143517751310327273
2026-10-05T05:56:18.454473+00:00,AAPL,333.69,332.88,332.61,332.59,17,59,334.4720428904909385371958240119524357782273
2026-10-05T05:56:18.454473+00:00,TSLA,370.59,371.77,372.01,371.98,70,163,372.34191397665163700498972604552577918791776
2026-10-05T05:56:18.454473+00:00,GOOGL,343.5,343.61,343.56,343.48,17,77,343.72416668757621899733888727524328459889812
2026-10-05T05:56:18.454473+00:00,MSTR,160.01,163.38,163.53,163.51,225,447,163.459238112342946001453623017705561260545904
2026-10-05T05:56:18.454473+00:00,HOOD,112.74,113.82,113.84,113.83,94,123,112.3112202024489577728308551497339851489562638
2026-10-05T05:56:18.454473+00:00,CRCL,81.25,82.69,82.74,82.73,169,249,82.695096116202162521208628625489782105722488
2026-10-05T05:56:18.454473+00:00,SPY,769.64,768.50,768.44,768.43,29,98,775.169747638540728834045725504780039196786
2026-10-05T05:56:18.454473+00:00,QQQ,749.58,748.79,749.13,749.10,59,110,750.44842589643434246570740548075026454402885
2026-10-05T05:56:18.454473+00:00,GLD,380.14,378.81,379.14,378.93,8,11,377.73839252449620866734218095326475843074645
2026-10-05T06:58:51.542482+00:00,NVDA,233.95,235.44,235.44,235.43,76,287,236.7193973416880235867177047520144240348543
2026-10-05T06:58:51.542482+00:00,AAPL,333.69,332.38,332.50,332.48,24,64,333.23674527853130397706679176334906662526338
2026-10-05T06:58:51.542482+00:00,TSLA,370.59,371.70,371.98,371.97,80,147,373.11668153357577280526775947541285703001176
2026-10-05T06:58:51.542482+00:00,GOOGL,343.5,343.68,343.43,343.41,19,77,343.77412499261843428153241242709623899461292
2026-10-05T06:58:51.542482+00:00,MSTR,160.01,164.91,164.90,164.88,278,488,164.093655822611105942344848805
2026-10-05T06:58:51.542482+00:00,HOOD,112.74,114.51,114.54,114.52,116,142,112.3199066606004272053326938143
2026-10-05T06:58:51.542482+00:00,CRCL,81.25,83.00,83.06,83.05,185,262,82.90420797826964883615831489144676032113796
2026-10-05T06:58:51.542482+00:00,SPY,769.64,768.80,768.79,768.66,44,109,771.1702277368338193075991853106265007967674
2026-10-05T06:58:51.542482+00:00,QQQ,749.58,748.83,748.84,748.79,71,119,750.52305989489801367196281834598664761939338
2026-10-05T06:58:51.542482+00:00,GLD,380.14,380.86,380.83,380.57,13,16,382.44641105294730437283717010352401959424306
2026-10-06T03:39:20.163827+00:00,NVDA,238.9,239.72,239.78,239.77,20,562,240.56390823076559645402642505
2026-10-06T03:39:20.163827+00:00,AAPL,332.89,332.99,333.00,332.98,1,368,330.68913006424265238234255025
2026-10-06T03:39:20.163827+00:00,TSLA,378.73,380.40,380.34,380.28,15,915,382.07723123128788648084702069
2026-10-06T03:39:20.163827+00:00,GOOGL,346.47,347.23,347.11,347.07,8,165,349.5312915942834186718019577
2026-10-06T03:39:20.163827+00:00,MSTR,164.43,163.73,163.58,163.57,46,1756,164.04937874644753652555151334326502476496749
2026-10-06T03:39:20.163827+00:00,HOOD,114.11,114.19,114.03,113.99,2,526,112.172663375476101471294471199929388839526712
2026-10-06T03:39:20.163827+00:00,CRCL,83.3,83.37,83.27,83.26,63,1098,83.495539101382550282907372095585150261155773
2026-10-06T03:39:20.163827+00:00,SPY,774.83,775.29,775.15,775.13,4,351,781.23902326915310032854549088378371539467485
2026-10-06T03:39:20.163827+00:00,QQQ,756.2,756.55,756.31,756.21,19,256,760.38017270677963145634671961025713544572449
2026-10-06T03:39:20.163827+00:00,GLD,379.55,378.87,378.44,378.11,2,58,376.94048214607806149860301266676082662325342
2026-10-06T04:41:54.130377+00:00,NVDA,238.9,239.82,239.62,239.61,24,553,239.1666125928811118966434554733542457298316
2026-10-06T04:41:54.130377+00:00,AAPL,332.89,333.08,333.21,333.16,3,362,334.78073985760422682740025268211729477502561
2026-10-06T04:41:54.130377+00:00,TSLA,378.73,380.46,380.29,380.28,22,916,381.23014510659069067461112022194531086925614
2026-10-06T04:41:54.130377+00:00,GOOGL,346.47,347.22,347.24,347.20,12,166,346.6601004667985821521482869677483016267908
2026-10-06T04:41:54.130377+00:00,MSTR,164.43,164.33,164.21,164.20,83,1733,163.2250687267624770867253812
2026-10-06T04:41:54.130377+00:00,HOOD,114.11,114.19,114.16,114.13,2,511,114.835644578075931518139929028
2026-10-06T04:41:54.130377+00:00,CRCL,83.3,83.53,83.51,83.49,66,1049,83.36034431698973412805356613
2026-10-06T04:41:54.130377+00:00,SPY,774.83,775.28,775.14,775.12,6,347,777.70000600024643898942871676976486053803244
2026-10-06T04:41:54.130377+00:00,QQQ,756.2,756.72,756.34,756.19,21,242,760.79808720775500947304446605912017090455729
2026-10-06T04:41:54.130377+00:00,GLD,379.55,378.87,378.01,377.70,2,56,377.21637818333586022433937174100254059361652
2026-10-06T05:44:28.467484+00:00,NVDA,238.9,239.69,239.69,239.67,29,543,239.58617123336205083692245118217575792024239
2026-10-06T05:44:28.467484+00:00,AAPL,332.89,333.21,333.19,333.13,4,362,334.407789345627683868
2026-10-06T05:44:28.467484+00:00,TSLA,378.73,380.46,380.48,380.45,25,912,380.3968052802008565226333953264353431388667
2026-10-06T05:44:28.467484+00:00,GOOGL,346.47,347.71,347.57,347.52,18,169,348.10502092068656255727665195661242173147566
2026-10-06T05:44:28.467484+00:00,MSTR,164.43,164.50,164.25,164.24,118,1717,164.40545141239677427878517576
2026-10-06T05:44:28.467484+00:00,HOOD,114.11,114.19,114.24,114.19,2,501,114.835644578075931518139929028
2026-10-06T05:44:28.467484+00:00,CRCL,83.3,83.71,83.62,83.61,68,1030,84.031526485140145405626191395
2026-10-06T05:44:28.467484+00:00,SPY,774.83,775.20,775.26,775.23,8,345,781.07003992412361925053389899730302221425851
2026-10-06T05:44:28.467484+00:00,QQQ,756.2,756.72,756.68,756.59,21,235,759.96166891038729800060856
2026-10-06T05:44:28.467484+00:00,GLD,379.55,377.73,378.01,377.71,3,57,377.24460674533381945159980965341208642405095
2026-10-06T06:47:02.317704+00:00,NVDA,238.9,240.17,240.19,240.17,88,588,239.88476171851747306811570100602068597351136
2026-10-06T06:47:02.317704+00:00,AAPL,332.89,333.27,333.16,333.13,7,361,335.46168621094064697144892587900068466261679
2026-10-06T06:47:02.317704+00:00,TSLA,378.73,380.78,380.92,380.90,35,914,379.44522683377329912389702515739126916050418
2026-10-06T06:47:02.317704+00:00,GOOGL,346.47,347.94,348.19,348.12,30,179,349.43957775952067295682965854069811987567003
2026-10-06T06:47:02.317704+00:00,MSTR,164.43,163.59,163.76,163.74,165,1734,163.46535220376909629605531696
2026-10-06T06:47:02.317704+00:00,HOOD,114.11,114.19,114.21,114.16,2,488,114.835644578075931518139929028
2026-10-06T06:47:02.317704+00:00,CRCL,83.3,83.20,83.28,83.27,80,1031,83.0975482962000209601557798726456517522450198
2026-10-06T06:47:02.317704+00:00,SPY,774.83,775.96,776.00,775.96,26,351,778.58971391107951439922584164301233032180096
2026-10-06T06:47:02.317704+00:00,QQQ,756.2,757.39,757.51,757.47,30,234,761.02607430610967781431984126108567984909088
2026-10-06T06:47:02.317704+00:00,GLD,379.55,378.03,378.92,378.60,4,55,378.83252864361135202780162693881899007160032
2026-10-06T07:49:35.901558+00:00,NVDA,238.9,240.17,240.17,240.16,112,595,241.0510927907058135584684179762574025336145
2026-10-06T07:49:35.901558+00:00,AAPL,332.89,333.31,333.31,333.26,10,351,335.74247205316079081967087577
2026-10-06T07:49:35.901558+00:00,TSLA,378.73,380.19,380.52,380.46,38,902,380.3053870961867079094780833064052787898897
2026-10-06T07:49:35.901558+00:00,GOOGL,346.47,347.96,348.21,348.08,94,240,348.8454501261963960561872642587571596315893
2026-10-06T07:49:35.901558+00:00,MSTR,164.43,164.42,164.25,164.23,201,1705,163.87267609670753631525014882708901955341779
2026-10-06T07:49:35.901558+00:00,HOOD,114.11,114.19,114.29,114.24,2,472,114.835644578075931518139929028
2026-10-06T07:49:35.901558+00:00,CRCL,83.3,83.37,83.50,83.49,82,999,83.34593341027795999894783113997831742358375
2026-10-06T07:49:35.901558+00:00,SPY,774.83,776.12,776.04,775.92,37,346,779.44199266734323883940596261514853814182022
2026-10-06T07:49:35.901558+00:00,QQQ,756.2,757.11,757.08,756.97,35,224,759.22377795706885852610107981798964316248172
2026-10-06T07:49:35.901558+00:00,GLD,379.55,379.33,379.37,379.02,6,54,380.51358102246556282012410049165687517319254
2026-10-07T03:05:56.323385+00:00,NVDA,239.24,240.08,240.35,240.34,72,489,239.9914704766554606591903917452586913665385
2026-10-07T03:05:56.323385+00:00,AAPL,333.63,334.11,334.01,333.96,8,93,336.54145143643687458869695410016956916207244
2026-10-07T03:05:56.323385+00:00,TSLA,380.68,378.36,378.22,378.19,23,291,376.409015957211903351
2026-10-07T03:05:56.323385+00:00,GOOGL,347.68,347.29,347.32,347.31,29,293,347.56425427414559416193299320249833729346673
2026-10-07T03:05:56.323385+00:00,MSTR,164.55,161.27,161.45,161.44,421,2789,160.584140471691008670251667100922101673316625
2026-10-07T03:05:56.323385+00:00,HOOD,112,110.91,111.12,111.11,31,275,110.6056607175666381695299102233
2026-10-07T03:05:56.323385+00:00,CRCL,84.13,82.86,82.87,82.86,134,987,82.531045764353749231104857033402626119565646
2026-10-07T03:05:56.323385+00:00,SPY,779.09,779.64,779.65,779.64,85,327,782.1515853576268145778323175424086344990472
2026-10-07T03:05:56.323385+00:00,QQQ,759.66,759.18,759.36,759.27,8,113,760.74472463728937039098849097230191507238275
2026-10-07T03:05:56.323385+00:00,GLD,382.27,380.76,379.78,379.45,1,36,381.3746753220736783072469776581086816086836
2026-10-07T04:08:30.398826+00:00,NVDA,239.24,240.46,240.47,240.46,82,497,241.45810253075721509620286455082152598970405
2026-10-07T04:08:30.398826+00:00,AAPL,333.63,333.99,334.00,333.95,12,97,337.82725690105155891116425768
2026-10-07T04:08:30.398826+00:00,TSLA,380.68,378.56,378.63,378.62,31,292,378.2302538044104925311901108064891710690554
2026-10-07T04:08:30.398826+00:00,GOOGL,347.68,347.38,347.60,347.57,32,295,347.7287622905572535201030108965776248163484
2026-10-07T04:08:30.398826+00:00,MSTR,164.55,161.41,161.52,161.51,504,2830,161.818835313794799890213978532
2026-10-07T04:08:30.398826+00:00,HOOD,112,111.20,111.19,111.18,38,282,110.6056607175666381695299102233
2026-10-07T04:08:30.398826+00:00,CRCL,84.13,83.02,83.07,83.06,173,1026,83.138021150347178693897031015
2026-10-07T04:08:30.398826+00:00,SPY,779.09,779.64,779.72,779.70,85,325,786.493739347870606475002194336834693697788
2026-10-07T04:08:30.398826+00:00,QQQ,759.66,759.37,759.66,759.58,9,111,760.26849550975616271938929916765885134401616
2026-10-07T04:08:30.398826+00:00,GLD,382.27,380.76,379.84,379.56,1,36,381.65388939601146380741459519768188912109664
2026-10-07T05:11:04.567698+00:00,NVDA,239.24,240.73,240.64,240.59,90,499,240.31867496652163037211566702496505421497326
2026-10-07T05:11:04.567698+00:00,AAPL,333.63,333.99,334.01,333.98,12,94,337.61315727035929248099470864
2026-10-07T05:11:04.567698+00:00,TSLA,380.68,378.49,378.37,378.36,36,293,377.18111666340598859945337855793839989781116
2026-10-07T05:11:04.567698+00:00,GOOGL,347.68,347.61,347.64,347.62,35,290,347.71372998760528346214193354588870583578988
2026-10-07T05:11:04.567698+00:00,MSTR,164.55,161.27,161.23,161.22,576,2872,161.0696172661860475517810589550799277348544
2026-10-07T05:11:04.567698+00:00,HOOD,112,110.93,110.95,110.93,45,289,111.7241046499716452784660168033176860555221416
2026-10-07T05:11:04.567698+00:00,CRCL,84.13,82.99,83.01,82.99,180,1029,82.8762029424318309140687900336289642003018663
2026-10-07T05:11:04.567698+00:00,SPY,779.09,779.70,779.70,779.69,87,325,784.92001977859340626052926118
2026-10-07T05:11:04.567698+00:00,QQQ,759.66,759.54,759.46,759.41,10,111,762.28258130593328881473762375
2026-10-07T05:11:04.567698+00:00,GLD,382.27,378.89,379.17,378.86,7,42,380.1744161038466463547446579
2026-10-07T06:13:38.271849+00:00,NVDA,239.24,240.39,240.39,240.36,97,500,241.81902020943579861426965300174359182184088
2026-10-07T06:13:38.271849+00:00,AAPL,333.63,334.01,333.84,333.81,14,94,337.94801539537217768900600853744930078805224
2026-10-07T06:13:38.271849+00:00,TSLA,380.68,378.39,378.46,378.43,55,303,379.1400533604255500950100942653077267577723
2026-10-07T06:13:38.271849+00:00,GOOGL,347.68,347.64,347.54,347.53,43,285,349.04426258863945378659377125
2026-10-07T06:13:38.271849+00:00,MSTR,164.55,161.40,161.39,161.34,626,2880,162.057185728844201537946945188193588117924567
2026-10-07T06:13:38.271849+00:00,HOOD,112,110.93,110.97,110.95,45,289,112.224242853207756664323278920271760550775641
2026-10-07T06:13:38.271849+00:00,CRCL,84.13,83.03,82.93,82.92,195,1031,82.58114298153247397507959948
2026-10-07T06:13:38.271849+00:00,SPY,779.09,779.70,779.70,779.69,91,321,783.314845188418953801877766182024396185765
2026-10-07T06:13:38.271849+00:00,QQQ,759.66,759.47,759.24,759.16,11,108,758.91539434630693411692900854
2026-10-07T06:13:38.271849+00:00,GLD,382.27,379.01,379.14,378.85,8,41,378.93168375859628333459166701779816507261538
2026-10-07T07:16:11.653682+00:00,NVDA,239.24,239.94,239.94,239.93,112,441,239.84805622286966732211022825944951036707548
2026-10-07T07:16:11.653682+00:00,AAPL,333.63,333.76,333.76,333.73,19,98,333.89903779343545604940583299984691474187016
2026-10-07T07:16:11.653682+00:00,TSLA,380.68,378.98,378.93,378.89,86,329,376.8861379441945313336764601861
2026-10-07T07:16:11.653682+00:00,GOOGL,347.68,347.70,347.59,347.55,48,289,347.39850712765160215260515737826607435751106
2026-10-07T07:16:11.653682+00:00,MSTR,164.55,161.15,161.12,161.06,651,2866,160.908389177145194854241564148570811010320206
2026-10-07T07:16:11.653682+00:00,HOOD,112,110.95,110.81,110.80,54,298,112.2037089627313236122300373000651657647026602
2026-10-07T07:16:11.653682+00:00,CRCL,84.13,83.08,82.94,82.93,205,1041,82.720339187463711058802792574327460954952625
2026-10-07T07:16:11.653682+00:00,SPY,779.09,779.65,779.66,779.65,150,362,783.107125130302407636609971
2026-10-07T07:16:11.653682+00:00,QQQ,759.66,759.24,758.87,758.75,12,103,760.19499758271880904245596366538019542487996
2026-10-07T07:16:11.653682+00:00,GLD,382.27,379.01,378.68,378.36,8,40,379.03250479437762268199245581
